   ,Trainee,0332424450,0332413669,str. Ciurchi nr 126-128,Iasi,Iasi,Java programmer,RO
,Trainee,0332424450,0332413669,str. Ciurchi nr 126-128,Iasi,Iasi,Java programmer,RO
,Trainee,0332424450,0332413669,str. Ciurchi nr 126-128,Iasi,Iasi,Java programmer,RO
    ,Trainee,0332424450,0332413669,str. Ciurchi nr 126-128,Iasi,Iasi,Java programmer,RO
    ,Trainee,0332424450,0332413669,str. Ciurchi nr 126-128,Iasi,Iasi,Java programmer,RO
,Trainee,0332424450,0332413669,str. Ciurchi nr 126-128,Iasi,Iasi,Java programmer,RO
,Trainee,0332424450,0332413669,str. Ciurchi nr 126-128,Iasi,Iasi,Java programmer,RO
	,Trainee,0332424450,0332413669,str. Ciurchi nr 126-128,Iasi,Iasi,Java programmer,RO
	,Trainee,0332424450,0332413669,str. Ciurchi nr 126-128,Iasi,Iasi,Java programmer,RO
Jane,Trainee,0332424450,0332413669,str. Ciurchi nr 126-128,Iasi,Iasi,Java programmer,RO
John,Trainee,0332450450,0332413669,str. Ciurchi nr 126-128,Iasi,Iasi,Java programmer,RO
Jane,Trainee,0332424450,0332413669,str. Ciurchi nr 126-128,Iasi,Iasi,Java programmer,RO
John,Trainee,0332450450,0332413669,str. Ciurchi nr 126-128,Iasi,Iasi,Java programmer,RO
Jane,Trainee,0332424450,0332413669,str. Ciurchi nr 126-128,Iasi,Iasi,Java programmer,RO
John,Trainee,0332450450,0332413669,str. Ciurchi nr 126-128,Iasi,Iasi,Java programmer,RO
Janedasdasdasdasdsadadsaanedasdasdasdasdsadadsaanedasdasdasdasdsadadsaanedasdasdasdasdsadadsas,Trainee,0332424450,0332413669,str. Ciurchi nr 126-128,Iasi,Iasi,Java programmer,RO
